bigbag_filling_time_end,orders_details_id,bigbag_number,bigbag_filling_duration,bigbag_weight,efficiency,class,time_start,steam_preasure,dd_speed,temp_out,moisture,bulk_density,fat,p1,p2,p3,moisture2
2018-06-04 19:00:00.000,1,1,100.0,409.0,102.0,optimal,2018-06-04 17:20:00.000,,,,,,0.060604000000000005,0.5373410000000001,0.21057900000000002,0.233674,11.4533
2018-06-04 20:35:00.000,1,2,115.0,460.0,100.0,optimal,2018-06-04 18:40:00.000,8.0,7.5,118.0,4.01,215.0,0.060604000000000005,0.5373410000000001,0.21057900000000002,0.233674,11.4533
2018-06-04 22:15:00.000,1,3,80.0,368.0,115.0,above,2018-06-04 20:55:00.000,8.0,7.5,118.0,4.0,200.0,0.060604000000000005,0.5373410000000001,0.21057900000000002,0.233674,11.4533
2018-06-04 23:35:00.000,1,4,80.0,344.0,107.0,optimal,2018-06-04 22:15:00.000,8.0,8.25,113.5,4.04,200.0,0.060604000000000005,0.5373410000000001,0.21057900000000002,0.233674,11.4533
2018-06-05 01:05:00.000,1,5,90.0,380.0,105.0,optimal,2018-06-04 23:35:00.000,8.2,8.5,112.0,3.84,200.0,0.060604000000000005,0.5373410000000001,0.21057900000000002,0.233674,11.4533
2018-06-05 02:35:00.000,1,6,90.0,374.0,104.0,optimal,2018-06-05 01:05:00.000,8.2,8.5,112.0,4.04,185.0,0.060604000000000005,0.5373410000000001,0.21057900000000002,0.233674,11.4533
2018-06-05 04:05:00.000,1,7,90.0,325.0,90.0,below,2018-06-05 02:35:00.000,8.2,8.5,113.0,3.79,200.0,0.060604000000000005,0.5373410000000001,0.21057900000000002,0.233674,11.4533
2018-06-05 05:25:00.000,1,8,80.0,302.0,94.0,below,2018-06-05 04:05:00.000,8.2,9.0,113.0,3.41,230.0,0.060604000000000005,0.5373410000000001,0.21057900000000002,0.233674,11.4533
2018-06-05 06:50:00.000,1,9,85.0,278.0,81.0,below,2018-06-05 05:25:00.000,,,,,,0.060604000000000005,0.5373410000000001,0.21057900000000002,0.233674,11.4533
2018-06-05 10:40:00.000,1,10,105.0,358.0,85.0,below,2018-06-05 08:55:00.000,,,,,,0.060604000000000005,0.5373410000000001,0.21057900000000002,0.233674,11.4533
2018-06-05 12:10:00.000,1,11,90.0,385.0,106.0,optimal,2018-06-05 10:40:00.000,,,,,,0.060604000000000005,0.5373410000000001,0.21057900000000002,0.233674,11.4533
2018-06-05 13:30:00.000,1,12,80.0,291.0,90.0,below,2018-06-05 12:10:00.000,7.5,9.5,112.0,3.32,210.0,0.060604000000000005,0.5373410000000001,0.21057900000000002,0.233674,11.4533
2018-06-06 15:00:00.000,3,1,100.0,374.0,93.0,below,2018-06-06 13:20:00.000,8.0,9.0,113.0,3.93,190.0,0.060376,0.5407040000000001,0.21177600000000002,0.229456,11.455200000000001
2018-06-06 16:40:00.000,3,2,100.0,455.0,113.0,above,2018-06-06 15:00:00.000,8.0,9.0,113.0,3.84,190.0,0.060376,0.5407040000000001,0.21177600000000002,0.229456,11.455200000000001
2018-06-06 18:20:00.000,3,3,100.0,410.0,102.0,optimal,2018-06-06 16:40:00.000,7.8,9.0,114.0,4.13,220.0,0.060376,0.5407040000000001,0.21177600000000002,0.229456,11.455200000000001
2018-06-06 20:00:00.000,3,4,100.0,405.0,101.0,optimal,2018-06-06 18:20:00.000,7.8,9.0,114.0,3.175,225.0,0.060376,0.5407040000000001,0.21177600000000002,0.229456,11.455200000000001
2018-06-06 21:20:00.000,3,5,80.0,322.0,100.0,optimal,2018-06-06 20:00:00.000,7.8,9.0,114.0,3.4,230.0,0.060376,0.5407040000000001,0.21177600000000002,0.229456,11.455200000000001
2018-06-06 22:50:00.000,3,6,90.0,375.0,104.0,optimal,2018-06-06 21:20:00.000,7.8,9.0,114.0,3.6550000000000002,220.0,0.060376,0.5407040000000001,0.21177600000000002,0.229456,11.455200000000001
2018-06-07 00:25:00.000,3,7,95.0,409.0,108.0,optimal,2018-06-06 22:50:00.000,7.8,9.0,114.0,3.42,220.0,0.060376,0.5407040000000001,0.21177600000000002,0.229456,11.455200000000001
2018-06-07 02:00:00.000,3,8,95.0,446.0,117.0,above,2018-06-07 00:25:00.000,7.8,9.5,114.0,3.5549999999999997,220.0,0.060376,0.5407040000000001,0.21177600000000002,0.229456,11.455200000000001
2018-06-07 03:45:00.000,3,9,105.0,478.0,114.0,above,2018-06-07 02:00:00.000,7.8,9.5,114.0,4.0,240.0,0.060376,0.5407040000000001,0.21177600000000002,0.229456,11.455200000000001
2018-06-07 05:00:00.000,3,10,75.0,385.0,128.0,above,2018-06-07 03:45:00.000,7.8,9.5,114.0,5.15,240.0,0.060376,0.5407040000000001,0.21177600000000002,0.229456,11.455200000000001
2018-06-07 06:25:00.000,3,11,80.0,365.0,,,2018-06-07 05:05:00.000,8.0,9.5,114.0,4.44,220.0,0.060376,0.5407040000000001,0.21177600000000002,0.229456,11.455200000000001
2018-06-25 17:25:00.000,4,1,59.0,200.0,100.0,optimal,2018-06-25 16:26:00.000,,,,,,0.05639500000000001,0.538625,0.20745000000000002,0.243925,11.546500000000002
2018-06-25 18:40:00.000,4,2,75.0,378.0,126.0,above,2018-06-25 17:25:00.000,,,,,,0.05639500000000001,0.538625,0.20745000000000002,0.243925,11.546500000000002
2018-06-25 20:00:00.000,4,3,80.0,354.0,110.0,optimal,2018-06-25 18:40:00.000,8.0,9.0,121.0,3.63,200.0,0.05639500000000001,0.538625,0.20745000000000002,0.243925,11.546500000000002
2018-06-25 21:15:00.000,4,4,75.0,350.0,116.0,above,2018-06-25 20:00:00.000,8.0,9.0,121.0,4.46,200.0,0.05639500000000001,0.538625,0.20745000000000002,0.243925,11.546500000000002
2018-06-25 22:30:00.000,4,5,75.0,369.0,123.0,above,2018-06-25 21:15:00.000,8.0,9.0,120.5,3.7800000000000002,210.0,0.05639500000000001,0.538625,0.20745000000000002,0.243925,11.546500000000002
2018-06-25 23:50:00.000,4,6,80.0,386.0,121.0,above,2018-06-25 22:30:00.000,8.0,9.0,120.0,4.74,200.0,0.05639500000000001,0.538625,0.20745000000000002,0.243925,11.546500000000002
2018-06-26 01:10:00.000,4,7,80.0,393.0,123.0,above,2018-06-25 23:50:00.000,8.0,9.0,120.0,4.56,200.0,0.05639500000000001,0.538625,0.20745000000000002,0.243925,11.546500000000002
2018-06-26 02:30:00.000,4,8,80.0,288.0,90.0,below,2018-06-26 01:10:00.000,8.149999999999999,9.0,115.0,4.73,200.0,0.05639500000000001,0.538625,0.20745000000000002,0.243925,11.546500000000002
2018-06-26 03:45:00.000,4,9,75.0,384.0,128.0,above,2018-06-26 02:30:00.000,8.2,9.0,120.0,3.7,200.0,0.05639500000000001,0.538625,0.20745000000000002,0.243925,11.546500000000002
2018-06-26 05:10:00.000,4,10,85.0,400.0,118.0,above,2018-06-26 03:45:00.000,8.2,9.0,120.0,5.04,190.0,0.05639500000000001,0.538625,0.20745000000000002,0.243925,11.546500000000002
2018-06-26 06:15:00.000,4,11,65.0,361.0,138.0,above,2018-06-26 05:10:00.000,8.2,9.0,120.0,4.84,200.0,0.05639500000000001,0.538625,0.20745000000000002,0.243925,11.546500000000002
2018-06-26 07:25:00.000,4,12,70.0,371.0,132.0,above,2018-06-26 06:15:00.000,8.2,9.0,120.0,5.03,180.0,0.05639500000000001,0.538625,0.20745000000000002,0.243925,11.546500000000002
2018-06-26 08:35:00.000,4,13,70.0,366.0,131.0,above,2018-06-26 07:25:00.000,8.2,8.55,120.0,4.865,185.0,0.05639500000000001,0.538625,0.20745000000000002,0.243925,11.546500000000002
2018-06-26 09:45:00.000,4,14,70.0,369.0,132.0,above,2018-06-26 08:35:00.000,8.2,8.7,120.0,4.88,190.0,0.05639500000000001,0.538625,0.20745000000000002,0.243925,11.546500000000002
2018-06-26 11:00:00.000,4,15,75.0,353.0,118.0,above,2018-06-26 09:45:00.000,8.2,8.7,120.0,4.65,190.0,0.05639500000000001,0.538625,0.20745000000000002,0.243925,11.546500000000002
2018-06-26 12:10:00.000,4,16,70.0,366.0,130.0,above,2018-06-26 11:00:00.000,8.2,8.7,120.0,4.72,190.0,0.05639500000000001,0.538625,0.20745000000000002,0.243925,11.546500000000002
2018-06-26 13:15:00.000,4,17,65.0,349.0,134.0,above,2018-06-26 12:10:00.000,8.2,8.7,120.0,4.8,190.0,0.05639500000000001,0.538625,0.20745000000000002,0.243925,11.546500000000002
2018-06-26 14:40:00.000,5,1,85.0,422.0,124.0,above,2018-06-26 13:15:00.000,,,,,,0.056464,0.5346,0.20584000000000002,0.24956,11.5488
2018-06-26 16:00:00.000,5,2,80.0,408.0,127.0,above,2018-06-26 14:40:00.000,8.2,8.8,120.0,4.98,200.0,0.056464,0.5346,0.20584000000000002,0.24956,11.5488
2018-06-26 17:40:00.000,5,3,90.0,369.0,102.0,optimal,2018-06-26 16:10:00.000,8.2,8.8,120.0,4.075,200.0,0.056464,0.5346,0.20584000000000002,0.24956,11.5488
2018-06-26 19:25:00.000,5,4,100.0,450.0,112.0,above,2018-06-26 17:45:00.000,8.2,8.8,120.0,3.31,200.0,0.056464,0.5346,0.20584000000000002,0.24956,11.5488
2018-06-26 21:00:00.000,5,5,110.0,437.0,99.0,optimal,2018-06-26 19:10:00.000,8.2,8.8,120.0,4.7,195.0,0.056464,0.5346,0.20584000000000002,0.24956,11.5488
2018-06-26 22:20:00.000,5,6,80.0,359.0,112.0,above,2018-06-26 21:00:00.000,8.2,8.8,120.0,4.73,200.0,0.056464,0.5346,0.20584000000000002,0.24956,11.5488
2018-06-26 23:35:00.000,5,7,75.0,368.0,123.0,above,2018-06-26 22:20:00.000,8.2,9.0,120.0,4.359999999999999,200.0,0.056464,0.5346,0.20584000000000002,0.24956,11.5488
2018-06-27 00:50:00.000,5,8,75.0,375.0,125.0,above,2018-06-26 23:35:00.000,8.2,9.0,120.0,4.54,200.0,0.056464,0.5346,0.20584000000000002,0.24956,11.5488
2018-06-27 02:00:00.000,5,9,70.0,355.0,127.0,above,2018-06-27 00:50:00.000,8.2,9.0,120.0,4.61,200.0,0.056464,0.5346,0.20584000000000002,0.24956,11.5488
2018-06-27 03:20:00.000,5,10,80.0,391.0,122.0,above,2018-06-27 02:00:00.000,8.2,9.0,120.0,4.29,200.0,0.056464,0.5346,0.20584000000000002,0.24956,11.5488
2018-06-27 04:40:00.000,5,11,80.0,379.0,118.0,above,2018-06-27 03:20:00.000,8.2,9.0,120.0,4.45,200.0,0.056464,0.5346,0.20584000000000002,0.24956,11.5488
2018-06-27 05:55:00.000,5,12,80.0,393.0,123.0,above,2018-06-27 04:35:00.000,8.2,9.0,120.0,4.4,200.0,0.056464,0.5346,0.20584000000000002,0.24956,11.5488
2018-06-27 07:10:00.000,5,13,70.0,374.0,154.0,above,2018-06-27 06:00:00.000,8.2,9.0,120.0,4.01,200.0,0.056464,0.5346,0.20584000000000002,0.24956,11.5488
2018-06-27 08:25:00.000,5,14,75.0,368.0,123.0,above,2018-06-27 07:10:00.000,8.2,9.0,120.0,4.12,200.0,0.056464,0.5346,0.20584000000000002,0.24956,11.5488
2018-06-27 09:45:00.000,5,15,80.0,365.0,114.0,above,2018-06-27 08:25:00.000,8.2,9.0,120.0,4.17,195.0,0.056464,0.5346,0.20584000000000002,0.24956,11.5488
2018-06-27 10:55:00.000,5,16,75.0,365.0,122.0,above,2018-06-27 09:40:00.000,8.2,9.0,120.0,4.77,200.0,0.056464,0.5346,0.20584000000000002,0.24956,11.5488
2018-06-27 12:10:00.000,5,17,70.0,354.0,126.0,above,2018-06-27 11:00:00.000,8.2,9.0,120.0,4.67,200.0,0.056464,0.5346,0.20584000000000002,0.24956,11.5488
2018-06-27 13:10:00.000,5,18,60.0,340.0,142.0,above,2018-06-27 12:10:00.000,8.2,9.0,120.0,4.57,200.0,0.056464,0.5346,0.20584000000000002,0.24956,11.5488
2018-06-27 14:45:00.000,6,1,95.0,412.0,108.0,optimal,2018-06-27 13:10:00.000,8.2,9.0,120.0,5.03,200.0,0.056983,0.5332250000000001,0.20903,0.249105,11.447099999999999
2018-06-27 15:50:00.000,6,2,75.0,397.0,132.0,above,2018-06-27 14:35:00.000,8.2,9.0,120.0,4.89,200.0,0.056983,0.5332250000000001,0.20903,0.249105,11.447099999999999
2018-06-27 17:10:00.000,6,3,80.0,383.0,119.0,above,2018-06-27 15:50:00.000,8.2,9.0,120.0,4.92,200.0,0.056983,0.5332250000000001,0.20903,0.249105,11.447099999999999
2018-06-27 18:30:00.000,6,4,80.0,366.0,114.0,above,2018-06-27 17:10:00.000,8.2,9.0,120.0,3.935,200.0,0.056983,0.5332250000000001,0.20903,0.249105,11.447099999999999
2018-06-27 19:40:00.000,6,5,70.0,360.0,188.0,above,2018-06-27 18:30:00.000,8.2,9.0,120.0,3.28,200.0,0.056983,0.5332250000000001,0.20903,0.249105,11.447099999999999
2018-06-27 21:00:00.000,6,6,80.0,371.0,115.0,above,2018-06-27 19:40:00.000,8.2,9.0,120.0,3.48,200.0,0.056983,0.5332250000000001,0.20903,0.249105,11.447099999999999
2018-06-28 00:35:00.000,6,7,85.0,365.0,167.0,above,2018-06-27 23:10:00.000,8.2,7.0,116.0,3.6849999999999996,200.0,0.056983,0.5332250000000001,0.20903,0.249105,11.447099999999999
2018-06-28 01:50:00.000,6,8,75.0,382.0,127.0,above,2018-06-28 00:35:00.000,8.2,7.0,116.0,4.24,200.0,0.056983,0.5332250000000001,0.20903,0.249105,11.447099999999999
2018-06-28 03:10:00.000,6,9,80.0,370.0,116.0,above,2018-06-28 01:50:00.000,8.2,7.0,116.0,4.44,200.0,0.056983,0.5332250000000001,0.20903,0.249105,11.447099999999999
2018-06-28 04:10:00.000,6,10,60.0,326.0,136.0,above,2018-06-28 03:10:00.000,8.2,7.0,116.0,4.25,200.0,0.056983,0.5332250000000001,0.20903,0.249105,11.447099999999999
2018-06-28 05:20:00.000,6,11,70.0,334.0,119.0,above,2018-06-28 04:10:00.000,8.2,7.0,116.0,4.72,200.0,0.056983,0.5332250000000001,0.20903,0.249105,11.447099999999999
2018-06-28 06:29:59.000,6,12,70.0,347.0,124.0,above,2018-06-28 05:19:59.000,8.2,7.0,116.0,4.7,200.0,0.056983,0.5332250000000001,0.20903,0.249105,11.447099999999999
2018-06-28 07:39:59.000,6,13,70.0,343.0,123.0,above,2018-06-28 06:29:59.000,8.2,9.0,117.0,4.18,190.0,0.056983,0.5332250000000001,0.20903,0.249105,11.447099999999999
2018-06-28 08:49:59.000,6,14,70.0,355.0,127.0,above,2018-06-28 07:39:59.000,8.2,9.0,117.0,4.34,190.0,0.056983,0.5332250000000001,0.20903,0.249105,11.447099999999999
2018-06-28 09:59:59.000,6,15,70.0,339.0,121.0,above,2018-06-28 08:49:59.000,8.2,9.0,117.0,3.92,190.0,0.056983,0.5332250000000001,0.20903,0.249105,11.447099999999999
2018-06-28 11:20:00.000,6,16,80.0,400.0,125.0,above,2018-06-28 10:00:00.000,8.2,9.0,117.0,4.19,190.0,0.056983,0.5332250000000001,0.20903,0.249105,11.447099999999999
2018-06-28 12:40:00.000,6,17,80.0,417.0,130.0,above,2018-06-28 11:20:00.000,8.2,9.0,117.0,4.12,200.0,0.056983,0.5332250000000001,0.20903,0.249105,11.447099999999999
2018-06-28 14:25:00.000,6,18,95.0,374.0,98.0,optimal,2018-06-28 12:50:00.000,8.2,9.0,117.0,4.11,200.0,0.056983,0.5332250000000001,0.20903,0.249105,11.447099999999999
2018-06-28 15:10:00.000,6,19,75.0,366.0,122.0,above,2018-06-28 13:55:00.000,8.2,9.0,117.0,4.37,200.0,0.056983,0.5332250000000001,0.20903,0.249105,11.447099999999999
2018-06-28 16:35:00.000,6,20,85.0,393.0,115.0,above,2018-06-28 15:10:00.000,8.2,9.0,117.0,4.415,200.0,0.056983,0.5332250000000001,0.20903,0.249105,11.447099999999999
2018-06-28 18:00:00.000,6,21,85.0,420.0,123.0,above,2018-06-28 16:35:00.000,8.2,9.0,117.0,4.36,200.0,0.056983,0.5332250000000001,0.20903,0.249105,11.447099999999999
2018-07-17 03:25:00.000,7,1,60.0,265.0,110.0,optimal,2018-07-17 02:25:00.000,7.25,7.75,117.5,4.01,190.0,0.05800000000000001,0.5209900000000001,0.21023000000000003,0.26235600000000003,11.2318
2018-07-17 04:50:00.000,7,2,85.0,330.0,97.0,below,2018-07-17 03:25:00.000,7.5,8.5,118.0,4.21,200.0,0.05800000000000001,0.5209900000000001,0.21023000000000003,0.26235600000000003,11.2318
2018-07-17 06:00:00.000,7,3,70.0,336.0,120.0,above,2018-07-17 04:50:00.000,7.5,8.5,118.0,4.01,190.0,0.05800000000000001,0.5209900000000001,0.21023000000000003,0.26235600000000003,11.2318
2018-07-17 07:10:00.000,7,4,70.0,330.0,117.0,above,2018-07-17 06:00:00.000,7.5,8.5,118.0,4.36,190.0,0.05800000000000001,0.5209900000000001,0.21023000000000003,0.26235600000000003,11.2318
2018-07-17 08:25:00.000,7,5,75.0,333.0,111.0,above,2018-07-17 07:10:00.000,8.0,8.6,119.0,4.28,180.0,0.05800000000000001,0.5209900000000001,0.21023000000000003,0.26235600000000003,11.2318
2018-07-17 10:15:00.000,7,6,110.0,333.0,76.0,below,2018-07-17 08:25:00.000,,,,,,0.05800000000000001,0.5209900000000001,0.21023000000000003,0.26235600000000003,11.2318
2018-07-17 11:00:00.000,7,7,45.0,380.0,210.0,above,2018-07-17 10:15:00.000,8.0,8.6,120.0,3.93,200.0,0.05800000000000001,0.5209900000000001,0.21023000000000003,0.26235600000000003,11.2318
2018-07-17 12:10:00.000,7,8,70.0,316.0,112.0,above,2018-07-17 11:00:00.000,8.0,8.6,120.0,4.07,200.0,0.05800000000000001,0.5209900000000001,0.21023000000000003,0.26235600000000003,11.2318
2018-07-17 13:30:00.000,7,9,80.0,362.0,113.0,above,2018-07-17 12:10:00.000,8.0,8.8,120.0,4.074999999999999,200.0,0.05800000000000001,0.5209900000000001,0.21023000000000003,0.26235600000000003,11.2318
2018-07-17 14:40:00.000,7,10,70.0,352.0,125.0,above,2018-07-17 13:30:00.000,8.0,8.8,120.0,5.02,180.0,0.05800000000000001,0.5209900000000001,0.21023000000000003,0.26235600000000003,11.2318
2018-07-17 16:00:00.000,7,11,80.0,362.0,113.0,above,2018-07-17 14:40:00.000,,,,,,0.05800000000000001,0.5209900000000001,0.21023000000000003,0.26235600000000003,11.2318
2018-07-17 17:15:00.000,7,12,75.0,352.0,117.0,above,2018-07-17 16:00:00.000,8.2,8.6,120.0,4.87,190.0,0.05800000000000001,0.5209900000000001,0.21023000000000003,0.26235600000000003,11.2318
2018-07-17 18:35:00.000,7,13,80.0,384.0,120.0,above,2018-07-17 17:15:00.000,8.2,8.6,120.0,4.925000000000001,195.0,0.05800000000000001,0.5209900000000001,0.21023000000000003,0.26235600000000003,11.2318
2018-07-17 19:55:00.000,7,14,80.0,371.0,115.0,above,2018-07-17 18:35:00.000,8.2,8.6,120.0,4.98,190.0,0.05800000000000001,0.5209900000000001,0.21023000000000003,0.26235600000000003,11.2318
2018-07-17 21:15:00.000,7,15,80.0,323.0,101.0,optimal,2018-07-17 19:55:00.000,8.2,8.6,120.0,5.12,200.0,0.05800000000000001,0.5209900000000001,0.21023000000000003,0.26235600000000003,11.2318
2018-07-17 22:45:00.000,8,1,90.0,361.0,100.0,optimal,2018-07-17 21:15:00.000,8.3,8.8,116.0,4.29,210.0,0.058,0.52592,0.21284,0.255048,11.2144
2018-07-18 00:05:00.000,8,2,80.0,372.0,116.0,above,2018-07-17 22:45:00.000,8.3,8.8,116.0,4.37,210.0,0.058,0.52592,0.21284,0.255048,11.2144
2018-07-18 01:10:00.000,8,3,65.0,330.0,127.0,above,2018-07-18 00:05:00.000,8.3,8.8,116.0,4.61,210.0,0.058,0.52592,0.21284,0.255048,11.2144
2018-07-18 02:20:00.000,8,4,70.0,329.0,118.0,above,2018-07-18 01:10:00.000,8.3,8.8,116.0,4.47,200.0,0.058,0.52592,0.21284,0.255048,11.2144
2018-07-18 03:35:00.000,8,5,65.0,346.0,133.0,above,2018-07-18 02:30:00.000,8.3,8.8,116.0,4.715,190.0,0.058,0.52592,0.21284,0.255048,11.2144
2018-07-18 04:35:00.000,8,6,60.0,286.0,119.0,above,2018-07-18 03:35:00.000,8.3,8.8,116.0,5.23,180.0,0.058,0.52592,0.21284,0.255048,11.2144
2018-07-18 05:30:00.000,8,7,55.0,243.0,110.0,optimal,2018-07-18 04:35:00.000,8.3,8.8,116.0,4.89,190.0,0.058,0.52592,0.21284,0.255048,11.2144
2018-07-18 06:40:00.000,8,8,70.0,344.0,123.0,above,2018-07-18 05:30:00.000,,,,,,0.058,0.52592,0.21284,0.255048,11.2144
2018-07-18 07:55:00.000,8,9,75.0,330.0,110.0,optimal,2018-07-18 06:40:00.000,,,,,,0.058,0.52592,0.21284,0.255048,11.2144
2018-07-18 09:05:00.000,8,10,70.0,350.0,125.0,above,2018-07-18 07:55:00.000,,,,,,0.058,0.52592,0.21284,0.255048,11.2144
2018-07-18 10:20:00.000,8,11,75.0,339.0,113.0,above,2018-07-18 09:05:00.000,,,,,,0.058,0.52592,0.21284,0.255048,11.2144
2018-07-18 11:45:00.000,8,12,85.0,367.0,108.0,optimal,2018-07-18 10:20:00.000,,,,,,0.058,0.52592,0.21284,0.255048,11.2144
2018-07-18 13:05:00.000,8,13,80.0,365.0,114.0,above,2018-07-18 11:45:00.000,,,,,,0.058,0.52592,0.21284,0.255048,11.2144
2018-07-18 14:30:00.000,8,14,85.0,406.0,119.0,above,2018-07-18 13:05:00.000,8.2,8.9,116.0,5.1,200.0,0.058,0.52592,0.21284,0.255048,11.2144
2018-07-18 15:55:00.000,8,15,85.0,367.0,107.0,optimal,2018-07-18 14:30:00.000,,,,,,0.058,0.52592,0.21284,0.255048,11.2144
2018-07-18 16:55:00.000,8,16,60.0,303.0,126.0,above,2018-07-18 15:55:00.000,,,,,,0.058,0.52592,0.21284,0.255048,11.2144
2018-07-18 17:55:00.000,8,17,60.0,232.0,36.0,below,2018-07-18 16:55:00.000,,,,,,0.058,0.52592,0.21284,0.255048,11.2144
2018-08-17 14:10:00.000,10,1,60.0,326.0,137.0,above,2018-08-17 13:10:00.000,,,,,,0.0565,0.5195,0.1935,0.27649999999999997,11.8
2018-08-17 15:25:00.000,10,2,75.0,339.0,113.0,above,2018-08-17 14:10:00.000,8.2,9.0,113.0,4.16,180.0,0.0565,0.5195,0.1935,0.27649999999999997,11.8
2018-08-17 16:20:00.000,10,3,55.0,318.0,145.0,above,2018-08-17 15:25:00.000,8.2,9.0,113.0,4.0,180.0,0.0565,0.5195,0.1935,0.27649999999999997,11.8
2018-08-17 17:10:00.000,9,1,70.0,196.0,70.0,below,2018-08-17 16:00:00.000,7.8,8.0,111.0,3.2,190.0,0.056455000000000005,0.522275,0.195075,0.27246499999999996,11.788
2018-08-17 17:35:00.000,10,4,75.0,378.0,126.0,above,2018-08-17 16:20:00.000,8.2,9.0,113.0,4.875,185.0,0.0565,0.5195,0.1935,0.27649999999999997,11.8
2018-08-17 18:55:00.000,9,2,85.0,364.0,107.0,optimal,2018-08-17 17:30:00.000,8.133333333333333,8.4,111.66666666666667,3.796666666666667,200.0,0.056455000000000005,0.522275,0.195075,0.27246499999999996,11.788
2018-08-17 18:55:00.000,10,5,80.0,380.0,119.0,above,2018-08-17 17:35:00.000,8.133333333333333,8.4,111.66666666666667,3.796666666666667,200.0,0.0565,0.5195,0.1935,0.27649999999999997,11.8
2018-08-17 20:00:00.000,10,6,65.0,342.0,132.0,above,2018-08-17 18:55:00.000,8.2,9.0,113.0,4.84,190.0,0.0565,0.5195,0.1935,0.27649999999999997,11.8
2018-08-17 20:25:00.000,9,3,110.0,380.0,86.0,below,2018-08-17 18:35:00.000,8.2,8.2,111.0,3.23,200.0,0.056455000000000005,0.522275,0.195075,0.27246499999999996,11.788
2018-08-17 21:15:00.000,10,7,75.0,372.0,124.0,above,2018-08-17 20:00:00.000,8.2,9.0,113.0,4.15,190.0,0.0565,0.5195,0.1935,0.27649999999999997,11.8
2018-08-17 21:35:00.000,9,6,70.0,286.0,102.0,optimal,2018-08-17 20:25:00.000,8.2,8.2,112.0,3.3,195.0,0.056455000000000005,0.522275,0.195075,0.27246499999999996,11.788
2018-08-17 22:25:00.000,10,8,70.0,363.0,123.0,above,2018-08-17 21:15:00.000,,,,,,0.0565,0.5195,0.1935,0.27649999999999997,11.8
2018-08-17 22:50:00.000,9,7,75.0,320.0,106.0,optimal,2018-08-17 21:35:00.000,8.2,8.2,112.0,3.01,180.0,0.056455000000000005,0.522275,0.195075,0.27246499999999996,11.788
2018-08-18 00:00:00.000,10,9,95.0,365.0,95.0,below,2018-08-17 22:25:00.000,,,,,,0.0565,0.5195,0.1935,0.27649999999999997,11.8
2018-08-18 00:10:00.000,9,8,80.0,330.0,103.0,optimal,2018-08-17 22:50:00.000,8.2,8.2,112.0,4.25,180.0,0.056455000000000005,0.522275,0.195075,0.27246499999999996,11.788
2018-08-18 01:10:00.000,10,10,70.0,314.0,112.0,above,2018-08-18 00:00:00.000,8.2,8.5,113.0,3.7,180.0,0.0565,0.5195,0.1935,0.27649999999999997,11.8
2018-08-18 01:20:00.000,9,9,70.0,316.0,113.0,above,2018-08-18 00:10:00.000,8.2,8.2,112.0,3.29,180.0,0.056455000000000005,0.522275,0.195075,0.27246499999999996,11.788
2018-08-18 02:10:00.000,10,11,60.0,309.0,128.0,above,2018-08-18 01:10:00.000,8.2,8.5,113.0,4.06,180.0,0.0565,0.5195,0.1935,0.27649999999999997,11.8
2018-08-18 02:30:00.000,9,10,70.0,306.0,109.0,optimal,2018-08-18 01:20:00.000,8.2,8.2,112.0,4.43,185.0,0.056455000000000005,0.522275,0.195075,0.27246499999999996,11.788
2018-08-18 03:25:00.000,10,12,75.0,353.0,117.0,above,2018-08-18 02:10:00.000,,,,,,0.0565,0.5195,0.1935,0.27649999999999997,11.8
2018-08-18 03:35:00.000,9,11,65.0,330.0,126.0,above,2018-08-18 02:30:00.000,8.2,8.2,112.0,3.95,180.0,0.056455000000000005,0.522275,0.195075,0.27246499999999996,11.788
2018-08-18 04:25:00.000,10,13,60.0,305.0,127.0,above,2018-08-18 03:25:00.000,8.2,8.5,113.0,4.41,180.0,0.0565,0.5195,0.1935,0.27649999999999997,11.8
2018-08-18 04:50:00.000,9,12,75.0,328.0,109.0,optimal,2018-08-18 03:35:00.000,8.2,8.2,112.0,3.36,180.0,0.056455000000000005,0.522275,0.195075,0.27246499999999996,11.788
2018-08-18 06:45:00.000,10,14,75.0,317.0,105.0,optimal,2018-08-18 05:30:00.000,8.2,8.5,113.0,5.0,180.0,0.0565,0.5195,0.1935,0.27649999999999997,11.8
2018-08-18 08:00:00.000,10,15,75.0,383.0,127.0,above,2018-08-18 06:45:00.000,8.2,8.5,113.0,4.15,190.0,0.0565,0.5195,0.1935,0.27649999999999997,11.8
2018-08-18 09:00:00.000,10,16,60.0,245.0,101.0,optimal,2018-08-18 08:00:00.000,,,,,,0.0565,0.5195,0.1935,0.27649999999999997,11.8
2018-08-18 10:45:00.000,10,17,100.0,318.0,79.0,below,2018-08-18 09:05:00.000,8.2,8.5,113.0,4.550000000000001,180.0,0.0565,0.5195,0.1935,0.27649999999999997,11.8
2018-08-18 12:05:00.000,10,18,80.0,300.0,93.0,below,2018-08-18 10:45:00.000,8.2,8.5,113.0,4.7,180.0,0.0565,0.5195,0.1935,0.27649999999999997,11.8
2018-08-18 12:55:00.000,10,19,50.0,229.0,114.0,above,2018-08-18 12:05:00.000,,,,,,0.0565,0.5195,0.1935,0.27649999999999997,11.8
2018-08-29 15:20:00.000,11,1,115.0,363.0,79.0,below,2018-08-29 13:25:00.000,,,,,,0.0565,0.5195,0.1935,0.27649999999999997,11.8
2018-08-29 16:50:00.000,11,2,80.0,345.0,108.0,optimal,2018-08-29 15:30:00.000,7.0,7.0,113.0,3.14,200.0,0.0565,0.5195,0.1935,0.27649999999999997,11.8
2018-08-29 18:00:00.000,11,3,70.0,330.0,118.0,above,2018-08-29 16:50:00.000,7.5,7.0,113.0,3.72,190.0,0.0565,0.5195,0.1935,0.27649999999999997,11.8
2018-08-29 19:20:00.000,11,4,80.0,365.0,114.0,above,2018-08-29 18:00:00.000,7.5,7.0,113.0,4.48,190.0,0.0565,0.5195,0.1935,0.27649999999999997,11.8
2018-08-29 20:55:00.000,11,5,75.0,400.0,133.0,above,2018-08-29 19:40:00.000,7.5,7.0,113.0,4.3,180.0,0.0565,0.5195,0.1935,0.27649999999999997,11.8
2018-08-29 22:05:00.000,11,6,70.0,307.0,110.0,optimal,2018-08-29 20:55:00.000,7.5,7.0,113.0,3.68,180.0,0.0565,0.5195,0.1935,0.27649999999999997,11.8
2018-08-29 23:25:00.000,11,7,80.0,325.0,102.0,optimal,2018-08-29 22:05:00.000,8.0,7.8,114.0,4.61,180.0,0.0565,0.5195,0.1935,0.27649999999999997,11.8
2018-08-30 00:40:00.000,11,8,75.0,323.0,108.0,optimal,2018-08-29 23:25:00.000,8.0,7.8,116.0,4.300000000000001,180.0,0.0565,0.5195,0.1935,0.27649999999999997,11.8
2018-08-30 02:00:00.000,11,9,80.0,334.0,104.0,optimal,2018-08-30 00:40:00.000,8.0,7.8,116.0,4.94,180.0,0.0565,0.5195,0.1935,0.27649999999999997,11.8
2018-08-30 03:25:00.000,11,10,85.0,334.0,98.0,optimal,2018-08-30 02:00:00.000,8.0,7.8,116.0,5.32,170.0,0.0565,0.5195,0.1935,0.27649999999999997,11.8
2018-08-30 04:50:00.000,11,11,85.0,334.0,98.0,optimal,2018-08-30 03:25:00.000,8.0,7.8,116.0,4.725,170.0,0.0565,0.5195,0.1935,0.27649999999999997,11.8
2018-08-30 06:10:00.000,11,12,80.0,300.0,94.0,below,2018-08-30 04:50:00.000,8.0,7.8,116.0,4.59,175.0,0.0565,0.5195,0.1935,0.27649999999999997,11.8
2018-08-30 07:15:00.000,11,13,65.0,270.0,104.0,optimal,2018-08-30 06:10:00.000,8.0,7.8,116.0,4.76,170.0,0.0565,0.5195,0.1935,0.27649999999999997,11.8
2018-10-16 00:05:00.000,13,8,80.0,345.0,107.0,optimal,2018-10-15 22:45:00.000,,,,,,0.065443,0.511935,0.175139,0.300027,11.1557
2018-10-16 01:25:00.000,13,9,75.0,344.0,114.0,above,2018-10-16 00:10:00.000,,,,,,0.065443,0.511935,0.175139,0.300027,11.1557
2018-10-16 02:50:00.000,13,10,75.0,370.0,123.0,above,2018-10-16 01:35:00.000,,,,,,0.065443,0.511935,0.175139,0.300027,11.1557
2018-10-16 03:30:00.000,13,11,40.0,168.0,105.0,optimal,2018-10-16 02:50:00.000,,,,,,0.065443,0.511935,0.175139,0.300027,11.1557
2018-10-16 14:30:00.000,13,1,80.0,358.0,112.0,above,2018-10-16 13:10:00.000,8.459999999999999,8.5,119.0,4.58,190.0,0.065443,0.511935,0.175139,0.300027,11.1557
2018-10-16 15:50:00.000,13,2,80.0,392.0,123.0,above,2018-10-16 14:30:00.000,8.3,8.0,119.0,4.144,200.0,0.065443,0.511935,0.175139,0.300027,11.1557
2018-10-16 17:15:00.000,13,3,85.0,345.0,101.0,optimal,2018-10-16 15:50:00.000,8.3,8.0,119.0,4.16,200.0,0.065443,0.511935,0.175139,0.300027,11.1557
2018-10-16 18:40:00.000,13,4,85.0,367.0,108.0,optimal,2018-10-16 17:15:00.000,7.5,8.0,119.0,4.085,200.0,0.065443,0.511935,0.175139,0.300027,11.1557
2018-10-16 20:00:00.000,13,5,80.0,327.0,103.0,optimal,2018-10-16 18:40:00.000,7.5,8.0,119.0,4.19,170.0,0.065443,0.511935,0.175139,0.300027,11.1557
2018-10-16 21:20:00.000,13,6,80.0,332.0,104.0,optimal,2018-10-16 20:00:00.000,7.5,8.0,119.0,3.97,220.0,0.065443,0.511935,0.175139,0.300027,11.1557
2018-10-16 22:55:00.000,13,7,90.0,389.0,109.0,optimal,2018-10-16 21:25:00.000,8.0,8.25,119.0,3.6849999999999996,210.0,0.065443,0.511935,0.175139,0.300027,11.1557
2018-11-13 19:05:00.000,14,1,135.0,290.0,53.0,below,2018-11-13 16:50:00.000,6.0,6.25,111.0,4.215,200.0,0.054,0.135,0.587,0.28,10.4
2018-11-13 19:50:00.000,14,2,45.0,165.0,91.0,below,2018-11-13 19:05:00.000,7.0,7.5,111.0,3.61,180.0,0.054,0.135,0.587,0.28,10.4
2018-11-13 21:10:00.000,14,3,75.0,312.0,104.0,optimal,2018-11-13 19:55:00.000,7.0,7.5,111.0,3.2,180.0,0.054,0.135,0.587,0.28,10.4
2018-11-13 22:35:00.000,14,4,95.0,347.0,91.0,below,2018-11-13 21:00:00.000,7.0,7.5,111.0,3.5,185.0,0.054,0.135,0.587,0.28,10.4
2018-11-13 23:55:00.000,14,5,80.0,339.0,106.0,optimal,2018-11-13 22:35:00.000,7.0,7.5,111.0,3.54,190.0,0.054,0.135,0.587,0.28,10.4
2018-11-14 01:36:00.000,14,6,90.0,349.0,97.0,below,2018-11-14 00:06:00.000,7.0,7.5,111.0,3.365,190.0,0.054,0.135,0.587,0.28,10.4
2018-11-14 02:53:00.000,14,7,80.0,351.0,109.0,optimal,2018-11-14 01:33:00.000,7.0,7.5,111.0,3.45,180.0,0.054,0.135,0.587,0.28,10.4
2018-11-14 04:40:00.000,14,8,110.0,328.0,97.0,below,2018-11-14 02:50:00.000,7.0,7.5,111.0,3.285,185.0,0.054,0.135,0.587,0.28,10.4
2018-11-14 06:10:00.000,14,9,90.0,366.0,102.0,optimal,2018-11-14 04:40:00.000,7.0,7.5,111.0,3.32,190.0,0.054,0.135,0.587,0.28,10.4
2018-11-14 07:35:00.000,14,10,85.0,336.0,99.0,optimal,2018-11-14 06:10:00.000,7.0,7.5,111.0,3.4,190.0,0.054,0.135,0.587,0.28,10.4
2018-11-14 09:10:00.000,14,11,95.0,375.0,99.0,optimal,2018-11-14 07:35:00.000,7.0,7.5,111.0,3.4,190.0,0.054,0.135,0.587,0.28,10.4
2018-11-14 10:35:00.000,14,12,85.0,330.0,97.0,below,2018-11-14 09:10:00.000,7.0,7.5,111.0,3.0549999999999997,190.0,0.054,0.135,0.587,0.28,10.4
2018-11-14 12:05:00.000,14,13,90.0,339.0,94.0,below,2018-11-14 10:35:00.000,7.0,7.5,111.0,3.11,190.0,0.054,0.135,0.587,0.28,10.4
2018-11-14 13:15:00.000,14,14,70.0,320.0,114.0,above,2018-11-14 12:05:00.000,7.0,7.5,111.0,3.58,180.0,0.054,0.135,0.587,0.28,10.4
2018-11-14 14:45:00.000,15,1,75.0,340.0,113.0,above,2018-11-14 13:30:00.000,7.0,7.5,115.0,3.1,200.0,0.054,0.135,0.587,0.28,10.4
2018-11-14 16:15:00.000,15,2,90.0,365.0,101.0,optimal,2018-11-14 14:45:00.000,6.5,7.5,115.0,2.74,200.0,0.054,0.135,0.587,0.28,10.4
2018-11-14 17:40:00.000,15,3,85.0,369.0,108.0,optimal,2018-11-14 16:15:00.000,6.0,7.5,115.0,3.25,205.0,0.054,0.135,0.587,0.28,10.4
2018-11-14 19:10:00.000,15,4,90.0,360.0,100.0,optimal,2018-11-14 17:40:00.000,6.0,8.0,115.0,3.32,200.0,0.054,0.135,0.587,0.28,10.4
2018-11-14 20:50:00.000,15,5,100.0,430.0,107.0,optimal,2018-11-14 19:10:00.000,,,,,,0.054,0.135,0.587,0.28,10.4
2018-11-14 22:30:00.000,15,6,100.0,394.0,98.0,optimal,2018-11-14 20:50:00.000,,,,,,0.054,0.135,0.587,0.28,10.4
2018-11-15 00:00:00.000,15,7,90.0,381.0,105.0,optimal,2018-11-14 22:30:00.000,6.0,8.0,115.0,3.62,210.0,0.054,0.135,0.587,0.28,10.4
2018-11-15 01:40:00.000,15,8,100.0,428.0,107.0,optimal,2018-11-15 00:00:00.000,,,,,,0.054,0.135,0.587,0.28,10.4
2018-11-15 03:20:00.000,15,9,100.0,417.0,104.0,optimal,2018-11-15 01:40:00.000,,,,,,0.054,0.135,0.587,0.28,10.4
2018-11-15 05:05:00.000,15,10,105.0,408.0,97.0,below,2018-11-15 03:20:00.000,,,,,,0.054,0.135,0.587,0.28,10.4
2018-11-15 06:35:00.000,15,11,90.0,381.0,106.0,optimal,2018-11-15 05:05:00.000,6.0,8.0,116.5,3.8949999999999996,200.0,0.054,0.135,0.587,0.28,10.4
2018-11-15 08:10:00.000,15,12,95.0,394.0,104.0,optimal,2018-11-15 06:35:00.000,6.0,8.0,118.0,3.98,220.0,0.054,0.135,0.587,0.28,10.4
2018-11-15 10:00:00.000,15,13,110.0,332.0,75.0,below,2018-11-15 08:10:00.000,6.0,7.5,118.0,4.025,185.0,0.054,0.135,0.587,0.28,10.4
2018-11-15 11:35:00.000,15,14,95.0,378.0,100.0,optimal,2018-11-15 10:00:00.000,6.5,8.0,118.0,3.5549999999999997,210.0,0.054,0.135,0.587,0.28,10.4
2018-11-15 13:05:00.000,15,15,90.0,334.0,93.0,below,2018-11-15 11:35:00.000,6.5,8.0,118.0,3.6,210.0,0.054,0.135,0.587,0.28,10.4
2018-11-15 15:50:00.000,16,1,70.0,367.0,131.0,above,2018-11-15 14:40:00.000,,,,,,0.057003,0.342207,0.44457199999999997,0.213505,10.786100000000001
2018-11-15 16:05:00.000,16,2,75.0,350.0,116.0,above,2018-11-15 14:50:00.000,6.5,8.0,118.0,3.55,180.0,0.057003,0.342207,0.44457199999999997,0.213505,10.786100000000001
2018-11-15 17:35:00.000,16,3,90.0,348.0,96.0,below,2018-11-15 16:05:00.000,,,,,,0.057003,0.342207,0.44457199999999997,0.213505,10.786100000000001
2018-11-15 18:55:00.000,16,4,70.0,352.0,125.0,above,2018-11-15 17:45:00.000,6.5,8.0,118.0,3.61,200.0,0.057003,0.342207,0.44457199999999997,0.213505,10.786100000000001
2018-11-15 20:30:00.000,16,5,95.0,384.0,101.0,optimal,2018-11-15 18:55:00.000,6.5,8.0,118.0,3.725,205.0,0.057003,0.342207,0.44457199999999997,0.213505,10.786100000000001
2018-11-15 21:20:00.000,16,6,50.0,176.0,88.0,below,2018-11-15 20:30:00.000,,,,,,0.057003,0.342207,0.44457199999999997,0.213505,10.786100000000001
2018-11-16 01:30:00.000,16,7,105.0,340.0,81.0,below,2018-11-15 23:45:00.000,,,,,,0.057003,0.342207,0.44457199999999997,0.213505,10.786100000000001
2018-11-16 03:20:00.000,16,8,110.0,404.0,92.0,below,2018-11-16 01:30:00.000,7.0,7.5,117.0,3.46,190.0,0.057003,0.342207,0.44457199999999997,0.213505,10.786100000000001
2018-11-16 05:00:00.000,16,9,100.0,380.0,95.0,below,2018-11-16 03:20:00.000,,,,,,0.057003,0.342207,0.44457199999999997,0.213505,10.786100000000001
2018-11-16 06:30:00.000,16,10,90.0,364.0,101.0,optimal,2018-11-16 05:00:00.000,7.0,7.5,116.5,3.51,180.0,0.057003,0.342207,0.44457199999999997,0.213505,10.786100000000001
2018-11-16 07:55:00.000,16,11,85.0,359.0,106.0,optimal,2018-11-16 06:30:00.000,7.0,7.5,116.0,2.57,190.0,0.057003,0.342207,0.44457199999999997,0.213505,10.786100000000001
2018-11-16 09:30:00.000,16,12,95.0,360.0,95.0,below,2018-11-16 07:55:00.000,7.0,7.5,116.0,3.205,195.0,0.057003,0.342207,0.44457199999999997,0.213505,10.786100000000001
2018-11-16 11:10:00.000,16,13,100.0,407.0,102.0,optimal,2018-11-16 09:30:00.000,7.0,7.5,116.0,3.13,190.0,0.057003,0.342207,0.44457199999999997,0.213505,10.786100000000001
2018-11-16 12:40:00.000,16,14,90.0,400.0,111.0,above,2018-11-16 11:10:00.000,6.85,7.5,116.0,3.36,185.0,0.057003,0.342207,0.44457199999999997,0.213505,10.786100000000001
2018-11-16 14:10:00.000,16,15,90.0,362.0,100.0,optimal,2018-11-16 12:40:00.000,6.7,7.5,116.0,3.51,200.0,0.057003,0.342207,0.44457199999999997,0.213505,10.786100000000001
2018-11-16 15:40:00.000,16,16,90.0,360.0,100.0,optimal,2018-11-16 14:10:00.000,6.7,7.5,116.0,2.895,190.0,0.057003,0.342207,0.44457199999999997,0.213505,10.786100000000001
2018-11-16 17:20:00.000,16,17,100.0,394.0,98.0,optimal,2018-11-16 15:40:00.000,6.7,7.5,116.0,3.01,190.0,0.057003,0.342207,0.44457199999999997,0.213505,10.786100000000001
2018-11-16 19:00:00.000,16,18,100.0,396.0,98.0,optimal,2018-11-16 17:20:00.000,,,,,,0.057003,0.342207,0.44457199999999997,0.213505,10.786100000000001
2018-11-16 20:00:00.000,16,19,60.0,261.0,108.0,optimal,2018-11-16 19:00:00.000,6.7,8.0,116.0,3.42,190.0,0.057003,0.342207,0.44457199999999997,0.213505,10.786100000000001
2018-11-26 16:10:00.000,17,1,40.0,132.0,83.0,below,2018-11-26 15:30:00.000,6.5,6.0,113.0,3.46,210.0,0.060943000000000004,0.564351,0.229223,0.197958,11.1692
2018-11-26 17:55:00.000,17,2,105.0,407.0,97.0,below,2018-11-26 16:10:00.000,6.5,7.0,113.0,3.175,220.0,0.060943000000000004,0.564351,0.229223,0.197958,11.1692
2018-11-26 19:25:00.000,17,3,90.0,396.0,110.0,optimal,2018-11-26 17:55:00.000,6.2,8.0,113.0,3.54,230.0,0.060943000000000004,0.564351,0.229223,0.197958,11.1692
2018-11-26 21:00:00.000,17,4,95.0,387.0,102.0,optimal,2018-11-26 19:25:00.000,6.2,8.0,113.0,3.625,215.0,0.060943000000000004,0.564351,0.229223,0.197958,11.1692
2018-11-26 22:20:00.000,17,5,80.0,356.0,111.0,above,2018-11-26 21:00:00.000,6.2,8.0,113.0,4.34,220.0,0.060943000000000004,0.564351,0.229223,0.197958,11.1692
2018-11-26 23:45:00.000,17,6,85.0,370.0,108.0,optimal,2018-11-26 22:20:00.000,,,,,,0.060943000000000004,0.564351,0.229223,0.197958,11.1692
2018-11-27 01:00:00.000,18,8,70.0,308.0,110.0,optimal,2018-11-26 23:50:00.000,,,,,,0.06089499999999999,0.568131,0.231151,0.192712,11.171600000000002
2018-11-27 01:15:00.000,17,7,90.0,392.0,108.0,optimal,2018-11-26 23:45:00.000,6.2,8.0,113.0,4.12,220.0,0.060943000000000004,0.564351,0.229223,0.197958,11.1692
2018-11-27 02:35:00.000,17,8,80.0,369.0,115.0,above,2018-11-27 01:15:00.000,6.2,8.0,108.0,4.315,215.0,0.060943000000000004,0.564351,0.229223,0.197958,11.1692
2018-11-27 04:00:00.000,17,9,85.0,392.0,115.0,above,2018-11-27 02:35:00.000,6.2,8.0,118.0,4.37,210.0,0.060943000000000004,0.564351,0.229223,0.197958,11.1692
2018-11-27 05:30:00.000,17,10,80.0,256.0,111.0,above,2018-11-27 04:10:00.000,,,,,,0.060943000000000004,0.564351,0.229223,0.197958,11.1692
2018-11-27 06:45:00.000,17,11,75.0,408.0,136.0,above,2018-11-27 05:30:00.000,6.2,8.0,118.0,4.605,210.0,0.060943000000000004,0.564351,0.229223,0.197958,11.1692
2018-11-27 08:25:00.000,17,12,100.0,451.0,112.0,above,2018-11-27 06:45:00.000,6.2,8.0,118.0,4.0,220.0,0.060943000000000004,0.564351,0.229223,0.197958,11.1692
2018-11-27 10:05:00.000,17,13,100.0,439.0,109.0,optimal,2018-11-27 08:25:00.000,6.2,8.0,118.0,4.390000000000001,215.0,0.060943000000000004,0.564351,0.229223,0.197958,11.1692
2018-11-27 11:50:00.000,17,14,105.0,450.0,107.0,optimal,2018-11-27 10:05:00.000,,,,,,0.060943000000000004,0.564351,0.229223,0.197958,11.1692
2018-11-27 13:30:00.000,17,15,100.0,428.0,107.0,optimal,2018-11-27 11:50:00.000,,,,,,0.060943000000000004,0.564351,0.229223,0.197958,11.1692
2018-11-27 14:55:00.000,18,1,85.0,382.0,112.0,above,2018-11-27 13:30:00.000,6.5,8.0,114.0,3.5,230.0,0.06089499999999999,0.568131,0.231151,0.192712,11.171600000000002
2018-11-27 16:20:00.000,18,2,85.0,375.0,110.0,optimal,2018-11-27 14:55:00.000,6.5,8.0,114.0,4.94,190.0,0.06089499999999999,0.568131,0.231151,0.192712,11.171600000000002
2018-11-27 17:50:00.000,18,3,90.0,392.0,109.0,optimal,2018-11-27 16:20:00.000,6.5,8.0,114.0,4.09,200.0,0.06089499999999999,0.568131,0.231151,0.192712,11.171600000000002
2018-11-27 19:20:00.000,18,4,90.0,395.0,110.0,optimal,2018-11-27 17:50:00.000,6.5,8.0,114.0,3.91,210.0,0.06089499999999999,0.568131,0.231151,0.192712,11.171600000000002
2018-11-27 20:50:00.000,18,5,90.0,399.0,108.0,optimal,2018-11-27 19:20:00.000,6.5,8.0,114.0,4.355,205.0,0.06089499999999999,0.568131,0.231151,0.192712,11.171600000000002
2018-11-27 22:20:00.000,18,6,80.0,390.0,112.0,above,2018-11-27 21:00:00.000,6.5,8.0,114.0,4.42,200.0,0.06089499999999999,0.568131,0.231151,0.192712,11.171600000000002
2018-11-27 23:50:00.000,18,7,90.0,372.0,103.0,optimal,2018-11-27 22:20:00.000,,,,,,0.06089499999999999,0.568131,0.231151,0.192712,11.171600000000002
2018-12-04 17:30:00.000,19,1,110.0,344.0,78.0,below,2018-12-04 15:40:00.000,,,,,,0.061000000000000006,0.562494,0.22820400000000002,0.20060299999999998,11.172400000000001
2018-12-04 18:45:00.000,19,2,75.0,351.0,117.0,above,2018-12-04 17:30:00.000,6.5,8.0,110.0,3.4299999999999997,195.0,0.061000000000000006,0.562494,0.22820400000000002,0.20060299999999998,11.172400000000001
2018-12-04 20:00:00.000,19,3,75.0,316.0,105.0,optimal,2018-12-04 18:45:00.000,6.5,8.0,110.0,3.49,190.0,0.061000000000000006,0.562494,0.22820400000000002,0.20060299999999998,11.172400000000001
2018-12-04 21:25:00.000,19,4,85.0,321.0,94.0,below,2018-12-04 20:00:00.000,,,,,,0.061000000000000006,0.562494,0.22820400000000002,0.20060299999999998,11.172400000000001
2018-12-04 22:40:00.000,19,5,75.0,351.0,117.0,above,2018-12-04 21:25:00.000,6.5,8.0,110.0,3.7800000000000002,185.0,0.061000000000000006,0.562494,0.22820400000000002,0.20060299999999998,11.172400000000001
2018-12-05 00:00:00.000,19,6,80.0,368.0,115.0,above,2018-12-04 22:40:00.000,6.5,8.0,110.0,3.62,180.0,0.061000000000000006,0.562494,0.22820400000000002,0.20060299999999998,11.172400000000001
2018-12-05 01:30:00.000,19,7,90.0,368.0,102.0,optimal,2018-12-05 00:00:00.000,6.5,8.0,110.0,3.255,195.0,0.061000000000000006,0.562494,0.22820400000000002,0.20060299999999998,11.172400000000001
2018-12-05 03:05:00.000,19,8,95.0,401.0,105.0,optimal,2018-12-05 01:30:00.000,6.5,8.0,110.0,3.22,200.0,0.061000000000000006,0.562494,0.22820400000000002,0.20060299999999998,11.172400000000001
2018-12-05 04:40:00.000,19,9,95.0,416.0,109.0,optimal,2018-12-05 03:05:00.000,6.5,8.0,110.0,3.67,195.0,0.061000000000000006,0.562494,0.22820400000000002,0.20060299999999998,11.172400000000001
2018-12-05 06:10:00.000,19,10,95.0,361.0,100.0,optimal,2018-12-05 04:35:00.000,6.5,8.0,110.0,3.76,190.0,0.061000000000000006,0.562494,0.22820400000000002,0.20060299999999998,11.172400000000001
2018-12-05 07:25:00.000,19,11,75.0,354.0,115.0,above,2018-12-05 06:10:00.000,6.5,8.0,110.0,4.62,190.0,0.061000000000000006,0.562494,0.22820400000000002,0.20060299999999998,11.172400000000001
2018-12-05 08:45:00.000,19,12,80.0,343.0,107.0,optimal,2018-12-05 07:25:00.000,6.5,8.0,111.0,4.0649999999999995,180.0,0.061000000000000006,0.562494,0.22820400000000002,0.20060299999999998,11.172400000000001
2018-12-05 10:00:00.000,19,13,75.0,316.0,105.0,optimal,2018-12-05 08:45:00.000,6.5,8.0,111.0,4.22,180.0,0.061000000000000006,0.562494,0.22820400000000002,0.20060299999999998,11.172400000000001
2018-12-05 10:45:00.000,19,14,45.0,195.0,108.0,optimal,2018-12-05 10:00:00.000,6.5,8.0,111.0,4.56,180.0,0.061000000000000006,0.562494,0.22820400000000002,0.20060299999999998,11.172400000000001
2018-12-18 14:05:00.000,21,1,100.0,415.0,104.0,optimal,2018-12-18 12:25:00.000,,,,,,0.059160000000000004,0.5480349999999999,0.22347499999999998,0.21759,11.360500000000002
2018-12-18 15:40:00.000,21,2,95.0,369.0,97.0,below,2018-12-18 14:05:00.000,6.3,7.0,120.0,3.665,195.0,0.059160000000000004,0.5480349999999999,0.22347499999999998,0.21759,11.360500000000002
2018-12-18 17:20:00.000,21,3,90.0,358.0,100.0,optimal,2018-12-18 15:50:00.000,,,,,,0.059160000000000004,0.5480349999999999,0.22347499999999998,0.21759,11.360500000000002
2018-12-18 18:50:00.000,21,4,90.0,395.0,110.0,optimal,2018-12-18 17:20:00.000,6.3,7.0,120.0,3.38,190.0,0.059160000000000004,0.5480349999999999,0.22347499999999998,0.21759,11.360500000000002
2018-12-18 20:30:00.000,21,5,100.0,393.0,98.0,optimal,2018-12-18 18:50:00.000,6.3,7.0,120.0,3.935,190.0,0.059160000000000004,0.5480349999999999,0.22347499999999998,0.21759,11.360500000000002
2018-12-18 22:10:00.000,21,6,100.0,371.0,93.0,below,2018-12-18 20:30:00.000,6.3,7.0,120.0,3.83,190.0,0.059160000000000004,0.5480349999999999,0.22347499999999998,0.21759,11.360500000000002
2018-12-18 23:40:00.000,21,7,90.0,377.0,104.0,optimal,2018-12-18 22:10:00.000,6.3,7.0,120.0,3.5700000000000003,205.0,0.059160000000000004,0.5480349999999999,0.22347499999999998,0.21759,11.360500000000002
2018-12-19 01:15:00.000,21,8,95.0,376.0,99.0,optimal,2018-12-18 23:40:00.000,6.3,7.0,120.0,3.55,200.0,0.059160000000000004,0.5480349999999999,0.22347499999999998,0.21759,11.360500000000002
2018-12-19 02:40:00.000,21,9,85.0,336.0,99.0,optimal,2018-12-19 01:15:00.000,6.3,7.0,120.0,3.21,210.0,0.059160000000000004,0.5480349999999999,0.22347499999999998,0.21759,11.360500000000002
2018-12-19 04:00:00.000,21,10,80.0,334.0,104.0,optimal,2018-12-19 02:40:00.000,6.3,7.0,120.0,3.35,210.0,0.059160000000000004,0.5480349999999999,0.22347499999999998,0.21759,11.360500000000002
2018-12-19 05:30:00.000,21,11,90.0,352.0,98.0,optimal,2018-12-19 04:00:00.000,6.3,7.0,120.0,3.765,220.0,0.059160000000000004,0.5480349999999999,0.22347499999999998,0.21759,11.360500000000002
2018-12-19 07:00:00.000,21,12,90.0,353.0,98.0,optimal,2018-12-19 05:30:00.000,6.3,7.0,120.0,3.7,200.0,0.059160000000000004,0.5480349999999999,0.22347499999999998,0.21759,11.360500000000002
2018-12-19 08:10:00.000,21,13,70.0,285.0,102.0,optimal,2018-12-19 07:00:00.000,6.3,7.0,120.0,3.87,200.0,0.059160000000000004,0.5480349999999999,0.22347499999999998,0.21759,11.360500000000002
2018-12-19 12:10:00.000,21,14,115.0,357.0,77.0,below,2018-12-19 10:15:00.000,6.3,6.666666666666667,120.0,3.72,196.66666666666666,0.059160000000000004,0.5480349999999999,0.22347499999999998,0.21759,11.360500000000002
2018-12-19 14:10:00.000,22,1,120.0,421.0,88.0,below,2018-12-19 12:10:00.000,,,,,,0.059152,0.548202,0.22357,0.217348,11.360600000000002
2018-12-19 15:35:00.000,22,2,85.0,355.0,104.0,optimal,2018-12-19 14:10:00.000,6.3,7.0,118.0,3.5549999999999997,180.0,0.059152,0.548202,0.22357,0.217348,11.360600000000002
2018-12-19 17:05:00.000,22,3,90.0,353.0,98.0,optimal,2018-12-19 15:35:00.000,6.3,7.0,118.0,3.44,190.0,0.059152,0.548202,0.22357,0.217348,11.360600000000002
2018-12-19 18:35:00.000,22,4,90.0,340.0,94.0,below,2018-12-19 17:05:00.000,6.3,7.0,118.0,6.1899999999999995,190.0,0.059152,0.548202,0.22357,0.217348,11.360600000000002
2018-12-19 20:10:00.000,22,5,95.0,364.0,96.0,below,2018-12-19 18:35:00.000,6.3,7.0,118.0,4.97,200.0,0.059152,0.548202,0.22357,0.217348,11.360600000000002
2018-12-19 21:30:00.000,22,6,85.0,340.0,100.0,optimal,2018-12-19 20:05:00.000,,,,,,0.059152,0.548202,0.22357,0.217348,11.360600000000002
2018-12-19 23:05:00.000,22,7,90.0,332.0,92.0,below,2018-12-19 21:35:00.000,6.6,7.0,118.0,3.3,190.0,0.059152,0.548202,0.22357,0.217348,11.360600000000002
2018-12-20 00:25:00.000,22,8,80.0,335.0,105.0,optimal,2018-12-19 23:05:00.000,6.6,7.0,118.0,3.09,190.0,0.059152,0.548202,0.22357,0.217348,11.360600000000002
2018-12-20 01:50:00.000,22,9,85.0,340.0,100.0,optimal,2018-12-20 00:25:00.000,6.6,7.0,118.0,4.065,190.0,0.059152,0.548202,0.22357,0.217348,11.360600000000002
2018-12-20 03:20:00.000,22,10,90.0,353.0,98.0,optimal,2018-12-20 01:50:00.000,6.6,7.0,118.0,3.04,180.0,0.059152,0.548202,0.22357,0.217348,11.360600000000002
2018-12-20 04:55:00.000,22,11,95.0,360.0,94.0,below,2018-12-20 03:20:00.000,6.6,7.0,118.0,3.7350000000000003,185.0,0.059152,0.548202,0.22357,0.217348,11.360600000000002
2018-12-20 06:20:00.000,22,12,85.0,326.0,95.0,below,2018-12-20 04:55:00.000,,,,,,0.059152,0.548202,0.22357,0.217348,11.360600000000002
2018-12-20 07:15:00.000,22,13,55.0,201.0,91.0,below,2018-12-20 06:20:00.000,6.6,7.0,118.0,3.17,200.0,0.059152,0.548202,0.22357,0.217348,11.360600000000002
2018-12-20 09:00:00.000,23,1,105.0,398.0,95.0,below,2018-12-20 07:15:00.000,6.5,7.25,119.0,3.7649999999999997,190.0,0.0608,0.5138,0.20400000000000001,0.2672,11.34
2018-12-20 11:00:00.000,23,2,120.0,331.0,69.0,below,2018-12-20 09:00:00.000,6.5,7.25,119.0,3.49,180.0,0.0608,0.5138,0.20400000000000001,0.2672,11.34
2019-01-08 14:35:00.000,26,1,115.0,381.0,83.0,below,2019-01-08 12:40:00.000,6.0,7.5,113.0,4.15,200.0,0.058221999999999996,0.500436,0.242716,0.232084,10.9192
2019-01-08 15:45:00.000,26,2,70.0,392.0,140.0,above,2019-01-08 14:35:00.000,6.0,7.5,113.0,3.88,200.0,0.058221999999999996,0.500436,0.242716,0.232084,10.9192
2019-01-08 17:20:00.000,26,3,95.0,377.0,99.0,optimal,2019-01-08 15:45:00.000,6.0,7.5,113.0,3.85,200.0,0.058221999999999996,0.500436,0.242716,0.232084,10.9192
2019-01-08 18:50:00.000,26,4,90.0,399.0,111.0,above,2019-01-08 17:20:00.000,6.0,7.5,113.5,3.475,200.0,0.058221999999999996,0.500436,0.242716,0.232084,10.9192
2019-01-08 19:45:00.000,26,5,55.0,251.0,114.0,above,2019-01-08 18:50:00.000,,,,,,0.058221999999999996,0.500436,0.242716,0.232084,10.9192
2019-01-30 16:55:00.000,24,1,100.0,336.0,84.0,below,2019-01-30 15:15:00.000,6.0,6.5,119.0,2.965,200.0,0.063014,0.36045099999999997,0.30330999999999997,0.24294900000000003,9.3506
2019-01-30 18:20:00.000,24,2,85.0,338.0,100.0,optimal,2019-01-30 16:55:00.000,6.0,7.0,119.0,3.32,200.0,0.063014,0.36045099999999997,0.30330999999999997,0.24294900000000003,9.3506
2019-01-30 19:40:00.000,24,3,80.0,334.0,104.0,optimal,2019-01-30 18:20:00.000,6.0,7.25,119.0,3.695,195.0,0.063014,0.36045099999999997,0.30330999999999997,0.24294900000000003,9.3506
2019-01-30 21:00:00.000,24,4,80.0,364.0,114.0,above,2019-01-30 19:40:00.000,6.0,7.5,119.0,3.68,190.0,0.063014,0.36045099999999997,0.30330999999999997,0.24294900000000003,9.3506
2019-01-30 22:20:00.000,24,5,80.0,342.0,106.0,optimal,2019-01-30 21:00:00.000,6.0,7.5,110.0,3.7,190.0,0.063014,0.36045099999999997,0.30330999999999997,0.24294900000000003,9.3506
2019-01-30 23:40:00.000,24,6,80.0,337.0,105.0,optimal,2019-01-30 22:20:00.000,6.0,7.5,110.0,3.605,200.0,0.063014,0.36045099999999997,0.30330999999999997,0.24294900000000003,9.3506
2019-01-31 01:00:00.000,24,7,80.0,350.0,109.0,optimal,2019-01-30 23:40:00.000,,,,,,0.063014,0.36045099999999997,0.30330999999999997,0.24294900000000003,9.3506
2019-01-31 02:20:00.000,24,8,80.0,334.0,104.0,optimal,2019-01-31 01:00:00.000,6.0,7.5,110.0,3.81,200.0,0.063014,0.36045099999999997,0.30330999999999997,0.24294900000000003,9.3506
2019-01-31 03:40:00.000,24,9,80.0,371.0,115.0,above,2019-01-31 02:20:00.000,,,,,,0.063014,0.36045099999999997,0.30330999999999997,0.24294900000000003,9.3506
2019-01-31 05:10:00.000,24,10,90.0,350.0,97.0,below,2019-01-31 03:40:00.000,6.0,7.5,110.0,3.66,200.0,0.063014,0.36045099999999997,0.30330999999999997,0.24294900000000003,9.3506
2019-01-31 06:40:00.000,24,11,90.0,366.0,101.0,optimal,2019-01-31 05:10:00.000,6.0,7.5,116.0,3.435,205.0,0.063014,0.36045099999999997,0.30330999999999997,0.24294900000000003,9.3506
2019-01-31 08:15:00.000,24,12,95.0,384.0,101.0,optimal,2019-01-31 06:40:00.000,,,,,,0.063014,0.36045099999999997,0.30330999999999997,0.24294900000000003,9.3506
2019-01-31 09:55:00.057,24,13,100.0,351.0,87.0,below,2019-01-31 08:15:00.057,,,,,,0.063014,0.36045099999999997,0.30330999999999997,0.24294900000000003,9.3506
2019-01-31 11:05:00.000,24,14,70.0,352.0,125.0,above,2019-01-31 09:55:00.000,,,,,,0.063014,0.36045099999999997,0.30330999999999997,0.24294900000000003,9.3506
2019-01-31 12:45:00.067,24,15,100.0,422.0,105.0,optimal,2019-01-31 11:05:00.067,,,,,,0.063014,0.36045099999999997,0.30330999999999997,0.24294900000000003,9.3506
2019-01-31 14:35:00.000,25,1,110.0,392.0,89.0,below,2019-01-31 12:45:00.000,6.0,7.5,113.0,3.45,210.0,0.0619,0.386735,0.30101,0.228885,9.583
2019-01-31 15:55:00.000,25,2,80.0,388.0,121.0,above,2019-01-31 14:35:00.000,6.0,7.5,113.0,4.27,190.0,0.0619,0.386735,0.30101,0.228885,9.583
2019-01-31 17:15:00.000,25,3,80.0,371.0,115.0,above,2019-01-31 15:55:00.000,6.0,7.5,113.0,4.43,200.0,0.0619,0.386735,0.30101,0.228885,9.583
2019-01-31 19:00:00.000,25,4,105.0,404.0,96.0,below,2019-01-31 17:15:00.000,6.0,7.5,113.0,4.0600000000000005,200.0,0.0619,0.386735,0.30101,0.228885,9.583
2019-01-31 20:35:00.000,25,5,95.0,419.0,110.0,optimal,2019-01-31 19:00:00.000,6.0,7.5,113.0,4.425,200.0,0.0619,0.386735,0.30101,0.228885,9.583
2019-01-31 22:05:00.000,25,6,90.0,352.0,94.0,below,2019-01-31 20:35:00.000,6.0,7.5,113.0,4.98,200.0,0.0619,0.386735,0.30101,0.228885,9.583
2019-01-31 23:30:00.000,25,7,85.0,362.0,106.0,optimal,2019-01-31 22:05:00.000,,,,,,0.0619,0.386735,0.30101,0.228885,9.583
2019-02-01 01:00:00.000,25,8,90.0,384.0,106.0,optimal,2019-01-31 23:30:00.000,6.0,7.5,113.0,4.175,200.0,0.0619,0.386735,0.30101,0.228885,9.583
2019-02-01 02:25:00.000,25,9,85.0,355.0,104.0,optimal,2019-02-01 01:00:00.000,,,,,,0.0619,0.386735,0.30101,0.228885,9.583
2019-02-01 03:55:00.000,25,10,90.0,378.0,105.0,optimal,2019-02-01 02:25:00.000,6.0,7.5,113.0,3.5549999999999997,210.0,0.0619,0.386735,0.30101,0.228885,9.583
2019-02-01 05:15:00.000,25,11,80.0,366.0,114.0,above,2019-02-01 03:55:00.000,6.0,7.5,113.0,4.01,210.0,0.0619,0.386735,0.30101,0.228885,9.583
2019-02-01 05:40:00.000,25,12,85.0,340.0,100.0,optimal,2019-02-01 04:15:00.000,,,,,,0.0619,0.386735,0.30101,0.228885,9.583
2019-02-01 08:05:00.000,25,13,85.0,362.0,106.0,optimal,2019-02-01 06:40:00.000,6.0,7.5,113.0,4.9,210.0,0.0619,0.386735,0.30101,0.228885,9.583
2019-02-01 09:35:00.000,25,14,90.0,383.0,106.0,optimal,2019-02-01 08:05:00.000,,,,,,0.0619,0.386735,0.30101,0.228885,9.583
2019-02-01 11:05:00.000,25,15,90.0,361.0,100.0,optimal,2019-02-01 09:35:00.000,6.0,7.5,113.0,3.885,210.0,0.0619,0.386735,0.30101,0.228885,9.583
2019-02-01 12:40:00.000,25,16,95.0,430.0,113.0,above,2019-02-01 11:05:00.000,6.0,7.5,113.0,4.165,205.0,0.0619,0.386735,0.30101,0.228885,9.583
2019-02-18 06:40:00.000,29,1,85.0,364.0,107.0,optimal,2019-02-18 05:15:00.000,5.9,8.0,110.0,3.74,210.0,0.057432,0.558345,0.191689,0.239386,12.541699999999999
2019-02-18 08:00:00.000,29,2,80.0,373.0,116.0,above,2019-02-18 06:40:00.000,5.9,8.0,110.0,4.32,210.0,0.057432,0.558345,0.191689,0.239386,12.541699999999999
2019-02-18 09:25:00.000,29,3,85.0,380.0,112.0,above,2019-02-18 08:00:00.000,,,,,,0.057432,0.558345,0.191689,0.239386,12.541699999999999
2019-02-18 10:50:00.000,29,4,85.0,372.0,109.0,optimal,2019-02-18 09:25:00.000,5.95,8.0,110.0,4.415,200.0,0.057432,0.558345,0.191689,0.239386,12.541699999999999
2019-02-18 12:10:00.000,29,5,80.0,389.0,121.0,above,2019-02-18 10:50:00.000,6.0,8.0,111.0,4.09,200.0,0.057432,0.558345,0.191689,0.239386,12.541699999999999
2019-02-18 13:35:00.000,29,6,85.0,374.0,110.0,optimal,2019-02-18 12:10:00.000,,,,,,0.057432,0.558345,0.191689,0.239386,12.541699999999999
2019-02-18 14:55:00.000,29,7,80.0,359.0,112.0,above,2019-02-18 13:35:00.000,5.9,8.0,111.0,3.865,210.0,0.057432,0.558345,0.191689,0.239386,12.541699999999999
2019-02-18 16:25:00.000,29,8,90.0,373.0,104.0,optimal,2019-02-18 14:55:00.000,5.8,8.0,111.0,4.16,210.0,0.057432,0.558345,0.191689,0.239386,12.541699999999999
2019-02-18 17:40:00.000,29,9,75.0,362.0,120.0,above,2019-02-18 16:25:00.000,5.8,8.0,111.0,4.295,215.0,0.057432,0.558345,0.191689,0.239386,12.541699999999999
2019-02-18 19:10:00.000,29,10,90.0,389.0,108.0,optimal,2019-02-18 17:40:00.000,5.9,8.0,111.0,4.0,200.0,0.057432,0.558345,0.191689,0.239386,12.541699999999999
2019-02-18 20:45:00.000,29,11,95.0,403.0,106.0,optimal,2019-02-18 19:10:00.000,,,,,,0.057432,0.558345,0.191689,0.239386,12.541699999999999
2019-02-18 22:10:00.000,29,12,85.0,382.0,112.0,above,2019-02-18 20:45:00.000,5.9,8.0,111.0,4.21,200.0,0.057432,0.558345,0.191689,0.239386,12.541699999999999
2019-02-19 00:05:00.000,29,13,115.0,420.0,91.0,below,2019-02-18 22:10:00.000,5.9,8.0,111.0,3.92,215.0,0.057432,0.558345,0.191689,0.239386,12.541699999999999
2019-02-19 01:20:00.000,29,14,75.0,363.0,121.0,above,2019-02-19 00:05:00.000,5.9,8.0,111.0,3.09,200.0,0.057432,0.558345,0.191689,0.239386,12.541699999999999
2019-02-19 02:50:00.000,29,15,90.0,382.0,106.0,optimal,2019-02-19 01:20:00.000,5.9,8.0,111.0,3.245,210.0,0.057432,0.558345,0.191689,0.239386,12.541699999999999
2019-02-19 04:10:00.000,29,16,80.0,365.0,124.0,above,2019-02-19 02:50:00.000,5.9,8.0,111.0,3.63,210.0,0.057432,0.558345,0.191689,0.239386,12.541699999999999
2019-02-19 05:30:00.000,29,17,80.0,309.0,96.0,below,2019-02-19 04:10:00.000,5.9,8.0,111.0,3.655,200.0,0.057432,0.558345,0.191689,0.239386,12.541699999999999
2019-02-26 00:00:00.000,27,7,100.0,375.0,93.0,below,2019-02-25 22:20:00.000,,,,,,0.057584,0.55464,0.19056800000000002,0.24383200000000002,12.490400000000001
2019-02-26 01:25:00.000,27,8,85.0,390.0,114.0,above,2019-02-26 00:00:00.000,,,,,,0.057584,0.55464,0.19056800000000002,0.24383200000000002,12.490400000000001
2019-02-26 03:20:00.000,27,9,115.0,432.0,94.0,below,2019-02-26 01:25:00.000,,,,,,0.057584,0.55464,0.19056800000000002,0.24383200000000002,12.490400000000001
2019-02-26 04:50:00.000,27,10,90.0,365.0,101.0,optimal,2019-02-26 03:20:00.000,,,,,,0.057584,0.55464,0.19056800000000002,0.24383200000000002,12.490400000000001
2019-02-26 14:15:00.000,27,1,105.0,333.0,79.0,below,2019-02-26 12:30:00.000,6.25,6.5,109.5,3.425,175.0,0.057584,0.55464,0.19056800000000002,0.24383200000000002,12.490400000000001
2019-02-26 15:50:00.000,27,2,95.0,336.0,88.0,below,2019-02-26 14:15:00.000,,,,,,0.057584,0.55464,0.19056800000000002,0.24383200000000002,12.490400000000001
2019-02-26 17:15:00.000,27,3,85.0,348.0,102.0,optimal,2019-02-26 15:50:00.000,6.0,7.0,111.0,3.35,210.0,0.057584,0.55464,0.19056800000000002,0.24383200000000002,12.490400000000001
2019-02-26 19:05:00.000,27,4,110.0,404.0,92.0,below,2019-02-26 17:15:00.000,,,,,,0.057584,0.55464,0.19056800000000002,0.24383200000000002,12.490400000000001
2019-02-26 20:55:00.000,27,5,110.0,396.0,90.0,below,2019-02-26 19:05:00.000,,,,,,0.057584,0.55464,0.19056800000000002,0.24383200000000002,12.490400000000001
2019-02-26 22:20:00.000,27,6,85.0,411.0,120.0,above,2019-02-26 20:55:00.000,,,,,,0.057584,0.55464,0.19056800000000002,0.24383200000000002,12.490400000000001
2019-02-27 06:25:00.000,28,1,95.0,376.0,99.0,optimal,2019-02-27 04:50:00.000,,,,,,0.05716,0.5592,0.20094,0.22996,12.392
2019-02-27 07:55:00.000,28,2,90.0,376.0,104.0,optimal,2019-02-27 06:25:00.000,5.6,7.5,111.0,4.115,200.0,0.05716,0.5592,0.20094,0.22996,12.392
2019-02-27 09:40:00.000,28,3,110.0,389.0,88.0,below,2019-02-27 07:50:00.000,5.6,7.5,111.0,3.93,210.0,0.05716,0.5592,0.20094,0.22996,12.392
2019-02-27 11:25:00.000,28,4,105.0,382.0,91.0,below,2019-02-27 09:40:00.000,5.6,7.5,111.0,3.41,220.0,0.05716,0.5592,0.20094,0.22996,12.392
2019-02-27 12:45:00.000,28,5,80.0,387.0,120.0,above,2019-02-27 11:25:00.000,5.6,7.5,111.0,3.87,210.0,0.05716,0.5592,0.20094,0.22996,12.392
2019-02-27 14:20:00.000,28,6,95.0,376.0,99.0,optimal,2019-02-27 12:45:00.000,5.6,7.5,111.0,3.52,220.0,0.05716,0.5592,0.20094,0.22996,12.392
2019-02-27 15:55:00.000,28,7,95.0,358.0,94.0,below,2019-02-27 14:20:00.000,5.6,7.7,111.0,4.125,210.0,0.05716,0.5592,0.20094,0.22996,12.392
2019-02-27 19:55:00.000,28,8,100.0,342.0,96.0,below,2019-02-27 18:15:00.000,5.333333333333333,6.833333333333333,111.0,3.6300000000000003,200.0,0.05716,0.5592,0.20094,0.22996,12.392
2019-02-27 21:15:00.000,28,9,80.0,324.0,101.0,optimal,2019-02-27 19:55:00.000,5.8,8.0,111.0,4.23,190.0,0.05716,0.5592,0.20094,0.22996,12.392
2019-02-27 23:05:00.000,28,10,110.0,413.0,97.0,below,2019-02-27 21:15:00.000,,,,,,0.05716,0.5592,0.20094,0.22996,12.392
2019-02-28 00:40:00.000,28,11,95.0,389.0,102.0,optimal,2019-02-27 23:05:00.000,5.7,7.8,111.0,3.98,225.0,0.05716,0.5592,0.20094,0.22996,12.392
2019-02-28 02:25:00.000,28,12,105.0,392.0,93.0,below,2019-02-28 00:40:00.000,5.7,7.8,111.0,4.65,200.0,0.05716,0.5592,0.20094,0.22996,12.392
2019-02-28 03:50:00.000,28,13,85.0,383.0,112.0,above,2019-02-28 02:25:00.000,,,,,,0.05716,0.5592,0.20094,0.22996,12.392
2019-02-28 05:15:00.000,28,14,85.0,360.0,105.0,optimal,2019-02-28 03:50:00.000,,,,,,0.05716,0.5592,0.20094,0.22996,12.392
2019-03-01 07:05:00.000,30,1,95.0,400.0,105.0,optimal,2019-03-01 05:30:00.000,5.9,8.0,110.0,4.39,220.0,0.058218,0.548353,0.187437,0.25259000000000004,12.416099999999998
2019-03-01 08:30:00.000,30,2,85.0,413.0,121.0,above,2019-03-01 07:05:00.000,6.0,8.25,110.0,4.3100000000000005,220.0,0.058218,0.548353,0.187437,0.25259000000000004,12.416099999999998
2019-03-01 10:00:00.000,30,3,90.0,426.0,118.0,above,2019-03-01 08:30:00.000,6.4,8.5,110.0,4.58,220.0,0.058218,0.548353,0.187437,0.25259000000000004,12.416099999999998
2019-03-01 11:30:00.000,30,4,90.0,423.0,117.0,above,2019-03-01 10:00:00.000,6.4,8.5,110.5,4.43,215.0,0.058218,0.548353,0.187437,0.25259000000000004,12.416099999999998
2019-03-01 13:05:00.000,30,5,95.0,378.0,99.0,optimal,2019-03-01 11:30:00.000,6.4,8.0,112.0,3.22,180.0,0.058218,0.548353,0.187437,0.25259000000000004,12.416099999999998
2019-03-01 14:25:00.000,30,6,80.0,355.0,111.0,above,2019-03-01 13:05:00.000,6.4,8.0,112.0,3.36,200.0,0.058218,0.548353,0.187437,0.25259000000000004,12.416099999999998
2019-03-01 15:40:00.000,30,7,75.0,353.0,118.0,above,2019-03-01 14:25:00.000,6.25,8.15,112.0,4.68,190.0,0.058218,0.548353,0.187437,0.25259000000000004,12.416099999999998
2019-03-01 17:00:00.000,30,8,80.0,364.0,114.0,above,2019-03-01 15:40:00.000,6.5,8.3,112.0,4.48,190.0,0.058218,0.548353,0.187437,0.25259000000000004,12.416099999999998
2019-03-01 18:20:00.000,30,9,80.0,362.0,113.0,above,2019-03-01 17:00:00.000,6.5,8.3,111.0,4.56,190.0,0.058218,0.548353,0.187437,0.25259000000000004,12.416099999999998
2019-03-01 19:25:00.000,30,10,65.0,306.0,118.0,above,2019-03-01 18:20:00.000,6.5,8.3,111.0,4.69,190.0,0.058218,0.548353,0.187437,0.25259000000000004,12.416099999999998
2019-03-01 20:10:00.000,30,11,45.0,217.0,120.0,above,2019-03-01 19:25:00.000,6.5,8.3,111.0,4.9,190.0,0.058218,0.548353,0.187437,0.25259000000000004,12.416099999999998
